Airspace_Type,Polygon_ID,Vertex_Index,X,Y,Area,Perimeter
restricted_airspace,1,1,1471,2257,1496.0,428.617311835289
restricted_airspace,1,2,1469,2272,1496.0,428.617311835289
restricted_airspace,1,3,1484,2268,1496.0,428.617311835289
restricted_airspace,1,4,1468,2282,1496.0,428.617311835289
restricted_airspace,1,5,1574,2321,1496.0,428.617311835289
restricted_airspace,1,6,1559,2304,1496.0,428.617311835289
restricted_airspace,1,7,1516,2296,1496.0,428.617311835289
restricted_airspace,1,8,1523,2274,1496.0,428.617311835289
restricted_airspace,1,9,1514,2269,1496.0,428.617311835289
restricted_airspace,1,10,1497,2289,1496.0,428.617311835289
restricted_airspace,1,11,1502,2266,1496.0,428.617311835289
restricted_airspace,2,1,2536,2216,1620.5,306.4924213886261
restricted_airspace,2,2,2510,2205,1620.5,306.4924213886261
restricted_airspace,2,3,2507,2187,1620.5,306.4924213886261
restricted_airspace,2,4,2480,2191,1620.5,306.4924213886261
restricted_airspace,2,5,2478,2205,1620.5,306.4924213886261
restricted_airspace,2,6,2471,2189,1620.5,306.4924213886261
restricted_airspace,2,7,2459,2206,1620.5,306.4924213886261
restricted_airspace,2,8,2490,2210,1620.5,306.4924213886261
restricted_airspace,2,9,2483,2226,1620.5,306.4924213886261
restricted_airspace,2,10,2499,2229,1620.5,306.4924213886261
restricted_airspace,2,11,2519,2221,1620.5,306.4924213886261
restricted_airspace,2,12,2531,2228,1620.5,306.4924213886261
restricted_airspace,3,1,1013,2136,1003.0,458.70057225227356
restricted_airspace,3,2,972,2129,1003.0,458.70057225227356
restricted_airspace,3,3,979,2117,1003.0,458.70057225227356
restricted_airspace,3,4,963,2129,1003.0,458.70057225227356
restricted_airspace,3,5,846,2126,1003.0,458.70057225227356
restricted_airspace,4,1,1671,2036,1371.0,289.0782079696655
restricted_airspace,4,2,1628,2037,1371.0,289.0782079696655
restricted_airspace,4,3,1625,2053,1371.0,289.0782079696655
restricted_airspace,4,4,1643,2058,1371.0,289.0782079696655
restricted_airspace,4,5,1629,2059,1371.0,289.0782079696655
restricted_airspace,4,6,1626,2072,1371.0,289.0782079696655
restricted_airspace,4,7,1671,2072,1371.0,289.0782079696655
restricted_airspace,4,8,1672,2059,1371.0,289.0782079696655
restricted_airspace,4,9,1652,2061,1371.0,289.0782079696655
restricted_airspace,4,10,1645,2052,1371.0,289.0782079696655
restricted_airspace,4,11,1674,2052,1371.0,289.0782079696655
restricted_airspace,5,1,1853,1961,2694.0,508.2152907848358
restricted_airspace,5,2,1863,1977,2694.0,508.2152907848358
restricted_airspace,5,3,1851,1998,2694.0,508.2152907848358
restricted_airspace,5,4,1881,2007,2694.0,508.2152907848358
restricted_airspace,5,5,1862,2022,2694.0,508.2152907848358
restricted_airspace,5,6,1884,2034,2694.0,508.2152907848358
restricted_airspace,5,7,1864,2049,2694.0,508.2152907848358
restricted_airspace,5,8,1895,2048,2694.0,508.2152907848358
restricted_airspace,5,9,1927,2073,2694.0,508.2152907848358
restricted_airspace,5,10,1908,2013,2694.0,508.2152907848358
restricted_airspace,5,11,1886,2012,2694.0,508.2152907848358
restricted_airspace,5,12,1889,1987,2694.0,508.2152907848358
restricted_airspace,6,1,1947,1945,1750.0,220.99494755268097
restricted_airspace,6,2,1941,1960,1750.0,220.99494755268097
restricted_airspace,6,3,1951,1962,1750.0,220.99494755268097
restricted_airspace,6,4,1949,1980,1750.0,220.99494755268097
restricted_airspace,6,5,1988,1979,1750.0,220.99494755268097
restricted_airspace,6,6,1994,1975,1750.0,220.99494755268097
restricted_airspace,6,7,1992,1962,1750.0,220.99494755268097
restricted_airspace,6,8,2003,1959,1750.0,220.99494755268097
restricted_airspace,6,9,1993,1955,1750.0,220.99494755268097
restricted_airspace,6,10,1990,1940,1750.0,220.99494755268097
restricted_airspace,8,1,1047,1803,2678.5,709.0508579015732
restricted_airspace,8,2,981,1829,2678.5,709.0508579015732
restricted_airspace,8,3,936,1815,2678.5,709.0508579015732
restricted_airspace,8,4,947,1848,2678.5,709.0508579015732
restricted_airspace,8,5,866,1886,2678.5,709.0508579015732
restricted_airspace,8,6,894,1892,2678.5,709.0508579015732
restricted_airspace,9,1,767,1796,1058.5,339.2619733810425
restricted_airspace,9,2,845,1802,1058.5,339.2619733810425
restricted_airspace,9,3,846,1810,1058.5,339.2619733810425
restricted_airspace,9,4,825,1811,1058.5,339.2619733810425
restricted_airspace,9,5,828,1824,1058.5,339.2619733810425
restricted_airspace,9,6,858,1823,1058.5,339.2619733810425
restricted_airspace,9,7,849,1795,1058.5,339.2619733810425
restricted_airspace,10,1,1959,1765,3341.0,874.0630507469177
restricted_airspace,10,2,2006,1769,3341.0,874.0630507469177
restricted_airspace,10,3,2000,1812,3341.0,874.0630507469177
restricted_airspace,10,4,2037,1813,3341.0,874.0630507469177
restricted_airspace,10,5,2038,1834,3341.0,874.0630507469177
restricted_airspace,10,6,2092,1809,3341.0,874.0630507469177
restricted_airspace,10,7,2012,1800,3341.0,874.0630507469177
restricted_airspace,10,8,2046,1793,3341.0,874.0630507469177
restricted_airspace,10,9,2040,1769,3341.0,874.0630507469177
restricted_airspace,10,10,2126,1766,3341.0,874.0630507469177
restricted_airspace,11,1,1309,1724,1097.0,271.4213538169861
restricted_airspace,11,2,1316,1744,1097.0,271.4213538169861
restricted_airspace,11,3,1364,1741,1097.0,271.4213538169861
restricted_airspace,11,4,1372,1751,1097.0,271.4213538169861
restricted_airspace,11,5,1368,1759,1097.0,271.4213538169861
restricted_airspace,11,6,1380,1757,1097.0,271.4213538169861
restricted_airspace,11,7,1371,1750,1097.0,271.4213538169861
restricted_airspace,11,8,1376,1742,1097.0,271.4213538169861
restricted_airspace,11,9,1369,1730,1097.0,271.4213538169861
restricted_airspace,11,10,1366,1740,1097.0,271.4213538169861
restricted_airspace,11,11,1360,1726,1097.0,271.4213538169861
restricted_airspace,11,12,1329,1729,1097.0,271.4213538169861
restricted_airspace,11,13,1318,1717,1097.0,271.4213538169861
restricted_airspace,12,1,1990,1667,4244.5,1103.1585035324097
restricted_airspace,12,2,2057,1709,4244.5,1103.1585035324097
restricted_airspace,12,3,2051,1757,4244.5,1103.1585035324097
restricted_airspace,12,4,2089,1710,4244.5,1103.1585035324097
restricted_airspace,12,5,2200,1758,4244.5,1103.1585035324097
restricted_airspace,12,6,2146,1765,4244.5,1103.1585035324097
restricted_airspace,12,7,2191,1769,4244.5,1103.1585035324097
restricted_airspace,12,8,2174,1791,4244.5,1103.1585035324097
restricted_airspace,12,9,2213,1763,4244.5,1103.1585035324097
restricted_airspace,12,10,2109,1714,4244.5,1103.1585035324097
restricted_airspace,12,11,2132,1690,4244.5,1103.1585035324097
restricted_airspace,13,1,1709,1649,1397.0,476.2152907848358
restricted_airspace,13,2,1835,1737,1397.0,476.2152907848358
restricted_airspace,13,3,1790,1705,1397.0,476.2152907848358
restricted_airspace,13,4,1828,1690,1397.0,476.2152907848358
restricted_airspace,13,5,1793,1684,1397.0,476.2152907848358
restricted_airspace,13,6,1782,1697,1397.0,476.2152907848358
restricted_airspace,14,1,1794,1590,1195.0,424.81832242012024
restricted_airspace,14,2,1868,1621,1195.0,424.81832242012024
restricted_airspace,14,3,1853,1626,1195.0,424.81832242012024
restricted_airspace,14,4,1858,1648,1195.0,424.81832242012024
restricted_airspace,14,5,1874,1646,1195.0,424.81832242012024
restricted_airspace,14,6,1876,1622,1195.0,424.81832242012024
restricted_airspace,14,7,1916,1644,1195.0,424.81832242012024
restricted_airspace,14,8,1914,1633,1195.0,424.81832242012024
restricted_airspace,15,1,930,1358,1111.5,264.8944420814514
restricted_airspace,15,2,918,1382,1111.5,264.8944420814514
restricted_airspace,15,3,912,1378,1111.5,264.8944420814514
restricted_airspace,15,4,919,1361,1111.5,264.8944420814514
restricted_airspace,15,5,908,1369,1111.5,264.8944420814514
restricted_airspace,15,6,894,1404,1111.5,264.8944420814514
restricted_airspace,15,7,898,1436,1111.5,264.8944420814514
restricted_airspace,15,8,905,1434,1111.5,264.8944420814514
restricted_airspace,16,1,2472,1291,1848.0,257.2792184352875
restricted_airspace,16,2,2423,1292,1848.0,257.2792184352875
restricted_airspace,16,3,2412,1329,1848.0,257.2792184352875
restricted_airspace,16,4,2450,1322,1848.0,257.2792184352875
restricted_airspace,16,5,2465,1330,1848.0,257.2792184352875
restricted_airspace,16,6,2468,1324,1848.0,257.2792184352875
restricted_airspace,16,7,2458,1319,1848.0,257.2792184352875
restricted_airspace,16,8,2472,1308,1848.0,257.2792184352875
restricted_airspace,16,9,2464,1298,1848.0,257.2792184352875
restricted_airspace,17,1,2946,767,1036.5,416.91882705688477
restricted_airspace,17,2,2916,786,1036.5,416.91882705688477
restricted_airspace,17,3,2893,825,1036.5,416.91882705688477
restricted_airspace,17,4,2893,874,1036.5,416.91882705688477
restricted_airspace,17,5,2915,911,1036.5,416.91882705688477
restricted_airspace,17,6,2893,837,1036.5,416.91882705688477
restricted_airspace,18,1,2956,764,1665.0,558.8427083492279
restricted_airspace,18,2,3026,779,1665.0,558.8427083492279
restricted_airspace,18,3,3010,797,1665.0,558.8427083492279
restricted_airspace,18,4,2975,789,1665.0,558.8427083492279
restricted_airspace,18,5,2973,807,1665.0,558.8427083492279
restricted_airspace,18,6,3017,815,1665.0,558.8427083492279
restricted_airspace,18,7,3008,800,1665.0,558.8427083492279
restricted_airspace,18,8,3037,788,1665.0,558.8427083492279
restricted_airspace,18,9,3065,825,1665.0,558.8427083492279
restricted_airspace,18,10,3027,771,1665.0,558.8427083492279
restricted_airspace,19,1,1331,776,1240.0,288.9360725879669
restricted_airspace,19,2,1338,759,1240.0,288.9360725879669
restricted_airspace,19,3,1370,763,1240.0,288.9360725879669
restricted_airspace,19,4,1383,754,1240.0,288.9360725879669
restricted_airspace,19,5,1383,768,1240.0,288.9360725879669
restricted_airspace,19,6,1387,760,1240.0,288.9360725879669
restricted_airspace,19,7,1409,762,1240.0,288.9360725879669
restricted_airspace,19,8,1410,751,1240.0,288.9360725879669
restricted_airspace,19,9,1344,741,1240.0,288.9360725879669
restricted_airspace,19,10,1331,749,1240.0,288.9360725879669
restricted_airspace,20,1,1533,744,1123.0,283.4213536977768
restricted_airspace,20,2,1538,762,1123.0,283.4213536977768
restricted_airspace,20,3,1558,755,1123.0,283.4213536977768
restricted_airspace,20,4,1584,763,1123.0,283.4213536977768
restricted_airspace,20,5,1624,758,1123.0,283.4213536977768
restricted_airspace,20,6,1618,746,1123.0,283.4213536977768
restricted_airspace,20,7,1581,747,1123.0,283.4213536977768
restricted_airspace,20,8,1574,757,1123.0,283.4213536977768
restricted_airspace,20,9,1569,741,1123.0,283.4213536977768
restricted_airspace,20,10,1562,753,1123.0,283.4213536977768
restricted_airspace,20,11,1541,740,1123.0,283.4213536977768
restricted_airspace,21,1,2957,631,1816.5,326.97770261764526
restricted_airspace,21,2,2911,630,1816.5,326.97770261764526
restricted_airspace,21,3,2897,647,1816.5,326.97770261764526
restricted_airspace,21,4,2893,630,1816.5,326.97770261764526
restricted_airspace,21,5,2856,630,1816.5,326.97770261764526
restricted_airspace,21,6,2847,649,1816.5,326.97770261764526
restricted_airspace,21,7,2950,649,1816.5,326.97770261764526
restricted_airspace,21,8,2948,636,1816.5,326.97770261764526
restricted_airspace,23,1,2638,261,1330.5,400.43354618549347
restricted_airspace,23,2,2653,281,1330.5,400.43354618549347
restricted_airspace,23,3,2672,272,1330.5,400.43354618549347
restricted_airspace,23,4,2671,285,1330.5,400.43354618549347
restricted_airspace,23,5,2658,285,1330.5,400.43354618549347
restricted_airspace,23,6,2668,294,1330.5,400.43354618549347
restricted_airspace,23,7,2678,260,1330.5,400.43354618549347
restricted_airspace,23,8,2686,275,1330.5,400.43354618549347
restricted_airspace,23,9,2713,275,1330.5,400.43354618549347
restricted_airspace,23,10,2716,265,1330.5,400.43354618549347
restricted_airspace,23,11,2725,273,1330.5,400.43354618549347
restricted_airspace,23,12,2712,256,1330.5,400.43354618549347
restricted_airspace,23,13,2675,256,1330.5,400.43354618549347
restricted_airspace,23,14,2663,268,1330.5,400.43354618549347
restricted_airspace,23,15,2649,252,1330.5,400.43354618549347
controlled_airspace,1,1,1611,2243,1334.5,298.29141068458557
controlled_airspace,1,2,1709,2298,1334.5,298.29141068458557
controlled_airspace,1,3,1728,2297,1334.5,298.29141068458557
controlled_airspace,1,4,1676,2266,1334.5,298.29141068458557
controlled_airspace,2,1,675,2226,1073.5,235.23758792877197
controlled_airspace,2,2,664,2235,1073.5,235.23758792877197
controlled_airspace,2,3,670,2243,1073.5,235.23758792877197
controlled_airspace,2,4,659,2267,1073.5,235.23758792877197
controlled_airspace,2,5,663,2276,1073.5,235.23758792877197
controlled_airspace,2,6,656,2281,1073.5,235.23758792877197
controlled_airspace,2,7,659,2301,1073.5,235.23758792877197
controlled_airspace,2,8,670,2305,1073.5,235.23758792877197
controlled_airspace,2,9,674,2295,1073.5,235.23758792877197
controlled_airspace,2,10,666,2289,1073.5,235.23758792877197
controlled_airspace,2,11,675,2288,1073.5,235.23758792877197
controlled_airspace,2,12,683,2240,1073.5,235.23758792877197
controlled_airspace,3,1,2901,2203,5160.0,933.0336130857468
controlled_airspace,3,2,2769,2252,5160.0,933.0336130857468
controlled_airspace,3,3,2832,2255,5160.0,933.0336130857468
controlled_airspace,3,4,2805,2282,5160.0,933.0336130857468
controlled_airspace,3,5,2829,2292,5160.0,933.0336130857468
controlled_airspace,3,6,2763,2337,5160.0,933.0336130857468
controlled_airspace,3,7,2849,2296,5160.0,933.0336130857468
controlled_airspace,3,8,2875,2242,5160.0,933.0336130857468
controlled_airspace,3,9,2841,2250,5160.0,933.0336130857468
controlled_airspace,4,1,1474,2177,1685.0,421.58787417411804
controlled_airspace,4,2,1604,2237,1685.0,421.58787417411804
controlled_airspace,4,3,1541,2201,1685.0,421.58787417411804
controlled_airspace,4,4,1574,2194,1685.0,421.58787417411804
controlled_airspace,5,1,3205,2180,1562.0,275.90663480758667
controlled_airspace,5,2,3220,2184,1562.0,275.90663480758667
controlled_airspace,5,3,3244,2213,1562.0,275.90663480758667
controlled_airspace,5,4,3258,2203,1562.0,275.90663480758667
controlled_airspace,5,5,3268,2209,1562.0,275.90663480758667
controlled_airspace,5,6,3295,2204,1562.0,275.90663480758667
controlled_airspace,5,7,3292,2198,1562.0,275.90663480758667
controlled_airspace,5,8,3270,2203,1562.0,275.90663480758667
controlled_airspace,5,9,3270,2187,1562.0,275.90663480758667
controlled_airspace,5,10,3245,2164,1562.0,275.90663480758667
controlled_airspace,5,11,3228,2180,1562.0,275.90663480758667
controlled_airspace,6,1,899,2167,1519.0,373.8477599620819
controlled_airspace,6,2,1024,2172,1519.0,373.8477599620819
controlled_airspace,6,3,1026,2158,1519.0,373.8477599620819
controlled_airspace,6,4,949,2158,1519.0,373.8477599620819
controlled_airspace,6,5,943,2169,1519.0,373.8477599620819
controlled_airspace,6,6,938,2158,1519.0,373.8477599620819
controlled_airspace,6,7,902,2158,1519.0,373.8477599620819
controlled_airspace,7,1,2569,2152,1311.0,464.07315468788147
controlled_airspace,7,2,2569,2165,1311.0,464.07315468788147
controlled_airspace,7,3,2597,2174,1311.0,464.07315468788147
controlled_airspace,7,4,2615,2233,1311.0,464.07315468788147
controlled_airspace,7,5,2629,2236,1311.0,464.07315468788147
controlled_airspace,7,6,2601,2170,1311.0,464.07315468788147
controlled_airspace,7,7,2633,2155,1311.0,464.07315468788147
controlled_airspace,7,8,2658,2190,1311.0,464.07315468788147
controlled_airspace,7,9,2633,2145,1311.0,464.07315468788147
controlled_airspace,7,10,2592,2166,1311.0,464.07315468788147
controlled_airspace,8,1,870,2146,6384.0,502.5584363937378
controlled_airspace,8,2,808,2174,6384.0,502.5584363937378
controlled_airspace,8,3,819,2239,6384.0,502.5584363937378
controlled_airspace,8,4,809,2255,6384.0,502.5584363937378
controlled_airspace,8,5,915,2223,6384.0,502.5584363937378
controlled_airspace,8,6,884,2188,6384.0,502.5584363937378
controlled_airspace,8,7,871,2193,6384.0,502.5584363937378
controlled_airspace,8,8,892,2167,6384.0,502.5584363937378
controlled_airspace,9,1,1681,2123,1291.0,294.59292674064636
controlled_airspace,9,2,1637,2122,1291.0,294.59292674064636
controlled_airspace,9,3,1632,2131,1291.0,294.59292674064636
controlled_airspace,9,4,1627,2121,1291.0,294.59292674064636
controlled_airspace,9,5,1578,2122,1291.0,294.59292674064636
controlled_airspace,9,6,1573,2135,1291.0,294.59292674064636
controlled_airspace,9,7,1678,2135,1291.0,294.59292674064636
controlled_airspace,10,1,1256,2068,2529.0,554.4406863451004
controlled_airspace,10,2,1468,2171,2529.0,554.4406863451004
controlled_airspace,10,3,1315,2084,2529.0,554.4406863451004
controlled_airspace,11,1,725,2038,2679.0,558.4163011312485
controlled_airspace,11,2,696,2065,2679.0,558.4163011312485
controlled_airspace,11,3,682,2185,2679.0,558.4163011312485
controlled_airspace,11,4,666,2191,2679.0,558.4163011312485
controlled_airspace,11,5,685,2222,2679.0,558.4163011312485
controlled_airspace,12,1,2557,2023,1479.5,306.29141104221344
controlled_airspace,12,2,2572,2038,1479.5,306.29141104221344
controlled_airspace,12,3,2661,2036,1479.5,306.29141104221344
controlled_airspace,12,4,2675,2028,1479.5,306.29141104221344
controlled_airspace,12,5,2661,2020,1479.5,306.29141104221344
controlled_airspace,13,1,2322,1916,1897.5,728.8254618644714
controlled_airspace,13,2,2346,1919,1897.5,728.8254618644714
controlled_airspace,13,3,2326,1942,1897.5,728.8254618644714
controlled_airspace,13,4,2366,2002,1897.5,728.8254618644714
controlled_airspace,13,5,2429,2040,1897.5,728.8254618644714
controlled_airspace,13,6,2353,1971,1897.5,728.8254618644714
controlled_airspace,13,7,2374,1925,1897.5,728.8254618644714
controlled_airspace,13,8,2399,1965,1897.5,728.8254618644714
controlled_airspace,13,9,2396,1924,1897.5,728.8254618644714
controlled_airspace,13,10,2371,1921,1897.5,728.8254618644714
controlled_airspace,13,11,2352,1956,1897.5,728.8254618644714
controlled_airspace,13,12,2354,1914,1897.5,728.8254618644714
controlled_airspace,14,1,947,1949,5814.0,609.4701237678528
controlled_airspace,14,2,888,1947,5814.0,609.4701237678528
controlled_airspace,14,3,884,1929,5814.0,609.4701237678528
controlled_airspace,14,4,899,1928,5814.0,609.4701237678528
controlled_airspace,14,5,866,1909,5814.0,609.4701237678528
controlled_airspace,14,6,826,1956,5814.0,609.4701237678528
controlled_airspace,14,7,841,1960,5814.0,609.4701237678528
controlled_airspace,14,8,839,1990,5814.0,609.4701237678528
controlled_airspace,14,9,824,1988,5814.0,609.4701237678528
controlled_airspace,14,10,835,2032,5814.0,609.4701237678528
controlled_airspace,14,11,897,1968,5814.0,609.4701237678528
controlled_airspace,14,12,935,1968,5814.0,609.4701237678528
controlled_airspace,15,1,842,1881,3808.0,504.81832218170166
controlled_airspace,15,2,790,1935,3808.0,504.81832218170166
controlled_airspace,15,3,801,1965,3808.0,504.81832218170166
controlled_airspace,15,4,791,2011,3808.0,504.81832218170166
controlled_airspace,15,5,824,2061,3808.0,504.81832218170166
controlled_airspace,15,6,819,1924,3808.0,504.81832218170166
controlled_airspace,15,7,856,1898,3808.0,504.81832218170166
controlled_airspace,16,1,2315,1932,3010.5,695.854899764061
controlled_airspace,16,2,2275,1864,3010.5,695.854899764061
controlled_airspace,16,3,2210,1888,3010.5,695.854899764061
controlled_airspace,16,4,2189,1872,3010.5,695.854899764061
controlled_airspace,16,5,2130,1881,3010.5,695.854899764061
controlled_airspace,16,6,2143,1906,3010.5,695.854899764061
controlled_airspace,16,7,2188,1909,3010.5,695.854899764061
controlled_airspace,16,8,2268,1881,3010.5,695.854899764061
controlled_airspace,18,1,2925,1819,1731.0,309.22034335136414
controlled_airspace,18,2,2926,1843,1731.0,309.22034335136414
controlled_airspace,18,3,3038,1838,1731.0,309.22034335136414
controlled_airspace,18,4,3031,1827,1731.0,309.22034335136414
controlled_airspace,18,5,2964,1830,1731.0,309.22034335136414
controlled_airspace,18,6,2940,1816,1731.0,309.22034335136414
controlled_airspace,19,1,1828,1778,1270.0,314.6761873960495
controlled_airspace,19,2,1739,1878,1270.0,314.6761873960495
controlled_airspace,19,3,1767,1861,1270.0,314.6761873960495
controlled_airspace,19,4,1772,1844,1270.0,314.6761873960495
controlled_airspace,19,5,1828,1791,1270.0,314.6761873960495
controlled_airspace,20,1,2213,1777,3739.5,782.2224299907684
controlled_airspace,20,2,2137,1848,3739.5,782.2224299907684
controlled_airspace,20,3,2106,1841,3739.5,782.2224299907684
controlled_airspace,20,4,2094,1908,3739.5,782.2224299907684
controlled_airspace,20,5,2161,1842,3739.5,782.2224299907684
controlled_airspace,20,6,2211,1877,3739.5,782.2224299907684
controlled_airspace,20,7,2241,1860,3739.5,782.2224299907684
controlled_airspace,20,8,2165,1837,3739.5,782.2224299907684
controlled_airspace,21,1,1840,1748,4117.5,910.6143478155136
controlled_airspace,21,2,1719,1866,4117.5,910.6143478155136
controlled_airspace,21,3,1510,1852,4117.5,910.6143478155136
controlled_airspace,21,4,1722,1877,4117.5,910.6143478155136
controlled_airspace,22,1,2470,1672,58336.5,4082.131486415863
controlled_airspace,22,2,3014,2007,58336.5,4082.131486415863
controlled_airspace,22,3,2879,2190,58336.5,4082.131486415863
controlled_airspace,22,4,3034,2045,58336.5,4082.131486415863
controlled_airspace,22,5,3307,2177,58336.5,4082.131486415863
controlled_airspace,22,6,3218,2074,58336.5,4082.131486415863
controlled_airspace,22,7,3303,1986,58336.5,4082.131486415863
controlled_airspace,22,8,3119,2015,58336.5,4082.131486415863
controlled_airspace,23,1,2101,1663,1898.5,497.8305150270462
controlled_airspace,23,2,2091,1625,1898.5,497.8305150270462
controlled_airspace,23,3,1983,1628,1898.5,497.8305150270462
controlled_airspace,23,4,1988,1643,1898.5,497.8305150270462
controlled_airspace,23,5,1977,1643,1898.5,497.8305150270462
controlled_airspace,23,6,1992,1659,1898.5,497.8305150270462
controlled_airspace,23,7,2020,1655,1898.5,497.8305150270462
controlled_airspace,23,8,1994,1651,1898.5,497.8305150270462
controlled_airspace,23,9,1998,1638,1898.5,497.8305150270462
controlled_airspace,23,10,2084,1637,1898.5,497.8305150270462
controlled_airspace,23,11,2083,1657,1898.5,497.8305150270462
controlled_airspace,24,1,1518,1635,14699.0,2182.7047477960587
controlled_airspace,24,2,1459,1636,14699.0,2182.7047477960587
controlled_airspace,24,3,1490,1837,14699.0,2182.7047477960587
controlled_airspace,24,4,1278,1816,14699.0,2182.7047477960587
controlled_airspace,24,5,1264,1765,14699.0,2182.7047477960587
controlled_airspace,24,6,1248,2062,14699.0,2182.7047477960587
controlled_airspace,24,7,1272,1846,14699.0,2182.7047477960587
controlled_airspace,24,8,1503,1852,14699.0,2182.7047477960587
controlled_airspace,24,9,1487,1694,14699.0,2182.7047477960587
controlled_airspace,24,10,1572,1683,14699.0,2182.7047477960587
controlled_airspace,24,11,1490,1681,14699.0,2182.7047477960587
controlled_airspace,25,1,1279,1664,2050.5,500.31579542160034
controlled_airspace,25,2,1253,1614,2050.5,500.31579542160034
controlled_airspace,25,3,1239,1629,2050.5,500.31579542160034
controlled_airspace,25,4,1178,1624,2050.5,500.31579542160034
controlled_airspace,25,5,1172,1635,2050.5,500.31579542160034
controlled_airspace,25,6,1225,1634,2050.5,500.31579542160034
controlled_airspace,25,7,1247,1664,2050.5,500.31579542160034
controlled_airspace,25,8,1249,1698,2050.5,500.31579542160034
controlled_airspace,25,9,1260,1669,2050.5,500.31579542160034
controlled_airspace,25,10,1242,1635,2050.5,500.31579542160034
controlled_airspace,25,11,1266,1670,2050.5,500.31579542160034
controlled_airspace,26,1,1147,1584,1150.5,236.208150267601
controlled_airspace,26,2,1151,1594,1150.5,236.208150267601
controlled_airspace,26,3,1194,1591,1150.5,236.208150267601
controlled_airspace,26,4,1216,1622,1150.5,236.208150267601
controlled_airspace,26,5,1223,1620,1150.5,236.208150267601
controlled_airspace,26,6,1221,1607,1150.5,236.208150267601
controlled_airspace,26,7,1196,1574,1150.5,236.208150267601
controlled_airspace,27,1,1035,1631,11415.5,1392.7219920158386
controlled_airspace,27,2,981,1571,11415.5,1392.7219920158386
controlled_airspace,27,3,1005,1603,11415.5,1392.7219920158386
controlled_airspace,27,4,789,1608,11415.5,1392.7219920158386
controlled_airspace,27,5,761,1733,11415.5,1392.7219920158386
controlled_airspace,27,6,791,1746,11415.5,1392.7219920158386
controlled_airspace,27,7,820,1650,11415.5,1392.7219920158386
controlled_airspace,27,8,878,1674,11415.5,1392.7219920158386
controlled_airspace,27,9,950,1622,11415.5,1392.7219920158386
controlled_airspace,28,1,1172,1566,1344.0,286.39191603660583
controlled_airspace,28,2,1207,1570,1344.0,286.39191603660583
controlled_airspace,28,3,1227,1605,1344.0,286.39191603660583
controlled_airspace,28,4,1242,1607,1344.0,286.39191603660583
controlled_airspace,28,5,1220,1574,1344.0,286.39191603660583
controlled_airspace,28,6,1236,1569,1344.0,286.39191603660583
controlled_airspace,28,7,1237,1558,1344.0,286.39191603660583
controlled_airspace,28,8,1219,1564,1344.0,286.39191603660583
controlled_airspace,28,9,1199,1544,1344.0,286.39191603660583
controlled_airspace,28,10,1192,1559,1344.0,286.39191603660583
controlled_airspace,29,1,1912,1510,1308.5,276.3502861261368
controlled_airspace,29,2,1808,1511,1308.5,276.3502861261368
controlled_airspace,29,3,1804,1523,1308.5,276.3502861261368
controlled_airspace,29,4,1909,1524,1308.5,276.3502861261368
controlled_airspace,30,1,1246,1507,8893.0,838.7493414878845
controlled_airspace,30,2,1339,1616,8893.0,838.7493414878845
controlled_airspace,30,3,1468,1592,8893.0,838.7493414878845
controlled_airspace,30,4,1488,1616,8893.0,838.7493414878845
controlled_airspace,30,5,1486,1559,8893.0,838.7493414878845
controlled_airspace,30,6,1419,1571,8893.0,838.7493414878845
controlled_airspace,30,7,1407,1552,8893.0,838.7493414878845
controlled_airspace,30,8,1407,1573,8893.0,838.7493414878845
controlled_airspace,30,9,1352,1584,8893.0,838.7493414878845
controlled_airspace,30,10,1269,1492,8893.0,838.7493414878845
controlled_airspace,31,1,2531,1489,1359.0,282.5929266214371
controlled_airspace,31,2,2424,1487,1359.0,282.5929266214371
controlled_airspace,31,3,2420,1500,1359.0,282.5929266214371
controlled_airspace,31,4,2529,1498,1359.0,282.5929266214371
controlled_airspace,32,1,1077,1383,2213.0,429.1858515739441
controlled_airspace,32,2,1176,1532,2213.0,429.1858515739441
controlled_airspace,32,3,1191,1533,2213.0,429.1858515739441
controlled_airspace,32,4,1092,1385,2213.0,429.1858515739441
controlled_airspace,33,1,1036,1376,7223.0,1255.2833932638168
controlled_airspace,33,2,1047,1481,7223.0,1255.2833932638168
controlled_airspace,33,3,1016,1495,7223.0,1255.2833932638168
controlled_airspace,33,4,1052,1500,7223.0,1255.2833932638168
controlled_airspace,33,5,1099,1602,7223.0,1255.2833932638168
controlled_airspace,33,6,1068,1499,7223.0,1255.2833932638168
controlled_airspace,33,7,1119,1493,7223.0,1255.2833932638168
controlled_airspace,33,8,1064,1482,7223.0,1255.2833932638168
controlled_airspace,33,9,1051,1394,7223.0,1255.2833932638168
controlled_airspace,33,10,1174,1539,7223.0,1255.2833932638168
controlled_airspace,34,1,1694,1361,6563.5,970.9919825792313
controlled_airspace,34,2,1668,1410,6563.5,970.9919825792313
controlled_airspace,34,3,1693,1425,6563.5,970.9919825792313
controlled_airspace,34,4,1651,1449,6563.5,970.9919825792313
controlled_airspace,34,5,1667,1523,6563.5,970.9919825792313
controlled_airspace,34,6,1568,1557,6563.5,970.9919825792313
controlled_airspace,34,7,1665,1539,6563.5,970.9919825792313
controlled_airspace,34,8,1716,1566,6563.5,970.9919825792313
controlled_airspace,34,9,1672,1542,6563.5,970.9919825792313
controlled_airspace,34,10,1703,1479,6563.5,970.9919825792313
controlled_airspace,35,1,1452,1357,2032.5,309.32084822654724
controlled_airspace,35,2,1417,1370,2032.5,309.32084822654724
controlled_airspace,35,3,1442,1393,2032.5,309.32084822654724
controlled_airspace,35,4,1426,1400,2032.5,309.32084822654724
controlled_airspace,35,5,1404,1380,2032.5,309.32084822654724
controlled_airspace,35,6,1390,1407,2032.5,309.32084822654724
controlled_airspace,35,7,1428,1413,2032.5,309.32084822654724
controlled_airspace,35,8,1459,1395,2032.5,309.32084822654724
controlled_airspace,36,1,1158,1356,4984.0,550.1564165353775
controlled_airspace,36,2,1165,1379,4984.0,550.1564165353775
controlled_airspace,36,3,1148,1398,4984.0,550.1564165353775
controlled_airspace,36,4,1223,1478,4984.0,550.1564165353775
controlled_airspace,36,5,1202,1491,4984.0,550.1564165353775
controlled_airspace,36,6,1238,1493,4984.0,550.1564165353775
controlled_airspace,36,7,1258,1476,4984.0,550.1564165353775
controlled_airspace,36,8,1180,1388,4984.0,550.1564165353775
controlled_airspace,36,9,1185,1352,4984.0,550.1564165353775
controlled_airspace,37,1,2369,1311,26195.5,2590.8683025836945
controlled_airspace,37,2,2233,1766,26195.5,2590.8683025836945
controlled_airspace,37,3,2335,1633,26195.5,2590.8683025836945
controlled_airspace,37,4,2454,1695,26195.5,2590.8683025836945
controlled_airspace,37,5,2362,1457,26195.5,2590.8683025836945
controlled_airspace,37,6,2554,1435,26195.5,2590.8683025836945
controlled_airspace,37,7,2401,1431,26195.5,2590.8683025836945
controlled_airspace,38,1,664,1300,6908.5,438.5168067216873
controlled_airspace,38,2,680,1325,6908.5,438.5168067216873
controlled_airspace,38,3,784,1360,6908.5,438.5168067216873
controlled_airspace,38,4,795,1288,6908.5,438.5168067216873
controlled_airspace,38,5,697,1281,6908.5,438.5168067216873
controlled_airspace,39,1,449,1266,330813.5,3904.7892179489136
controlled_airspace,39,2,318,2330,330813.5,3904.7892179489136
controlled_airspace,39,3,631,2337,330813.5,3904.7892179489136
controlled_airspace,39,4,649,2203,330813.5,3904.7892179489136
controlled_airspace,39,5,532,2183,330813.5,3904.7892179489136
controlled_airspace,39,6,716,2029,330813.5,3904.7892179489136
controlled_airspace,39,7,778,1386,330813.5,3904.7892179489136
controlled_airspace,40,1,1626,1226,2261.0,562.7005717754364
controlled_airspace,40,2,1569,1252,2261.0,562.7005717754364
controlled_airspace,40,3,1612,1266,2261.0,562.7005717754364
controlled_airspace,40,4,1590,1254,2261.0,562.7005717754364
controlled_airspace,40,5,1632,1244,2261.0,562.7005717754364
controlled_airspace,40,6,1643,1306,2261.0,562.7005717754364
controlled_airspace,40,7,1625,1346,2261.0,562.7005717754364
controlled_airspace,40,8,1662,1286,2261.0,562.7005717754364
controlled_airspace,41,1,691,1237,4293.0,372.3330410718918
controlled_airspace,41,2,712,1253,4293.0,372.3330410718918
controlled_airspace,41,3,789,1256,4293.0,372.3330410718918
controlled_airspace,41,4,806,1218,4293.0,372.3330410718918
controlled_airspace,41,5,742,1218,4293.0,372.3330410718918
controlled_airspace,41,6,736,1199,4293.0,372.3330410718918
controlled_airspace,41,7,721,1198,4293.0,372.3330410718918
controlled_airspace,42,1,1751,1187,3913.5,940.9331076145172
controlled_airspace,42,2,1770,1216,3913.5,940.9331076145172
controlled_airspace,42,3,1826,1205,3913.5,940.9331076145172
controlled_airspace,42,4,1807,1261,3913.5,940.9331076145172
controlled_airspace,42,5,1832,1213,3913.5,940.9331076145172
controlled_airspace,42,6,1915,1228,3913.5,940.9331076145172
controlled_airspace,42,7,1937,1281,3913.5,940.9331076145172
controlled_airspace,42,8,1925,1223,3913.5,940.9331076145172
controlled_airspace,42,9,1880,1207,3913.5,940.9331076145172
controlled_airspace,42,10,1901,1201,3913.5,940.9331076145172
controlled_airspace,42,11,1838,1183,3913.5,940.9331076145172
controlled_airspace,42,12,1772,1208,3913.5,940.9331076145172
controlled_airspace,43,1,1683,1162,3478.5,553.5462435483932
controlled_airspace,43,2,1666,1171,3478.5,553.5462435483932
controlled_airspace,43,3,1667,1200,3478.5,553.5462435483932
controlled_airspace,43,4,1643,1194,3478.5,553.5462435483932
controlled_airspace,43,5,1627,1210,3478.5,553.5462435483932
controlled_airspace,43,6,1673,1221,3478.5,553.5462435483932
controlled_airspace,43,7,1691,1356,3478.5,553.5462435483932
controlled_airspace,44,1,2265,1141,1040.5,211.23758828639984
controlled_airspace,44,2,2241,1139,1040.5,211.23758828639984
controlled_airspace,44,3,2188,1144,1040.5,211.23758828639984
controlled_airspace,44,4,2188,1155,1040.5,211.23758828639984
controlled_airspace,44,5,2267,1154,1040.5,211.23758828639984
controlled_airspace,45,1,3307,1133,204229.5,6844.022088289261
controlled_airspace,45,2,2726,1128,204229.5,6844.022088289261
controlled_airspace,45,3,2664,1581,204229.5,6844.022088289261
controlled_airspace,45,4,2464,1650,204229.5,6844.022088289261
controlled_airspace,45,5,3307,1730,204229.5,6844.022088289261
controlled_airspace,45,6,2686,1522,204229.5,6844.022088289261
controlled_airspace,45,7,3120,1606,204229.5,6844.022088289261
controlled_airspace,45,8,3149,1301,204229.5,6844.022088289261
controlled_airspace,45,9,2717,1405,204229.5,6844.022088289261
controlled_airspace,45,10,2689,1199,204229.5,6844.022088289261
controlled_airspace,46,1,1320,1106,1256.0,280.59292674064636
controlled_airspace,46,2,1335,1113,1256.0,280.59292674064636
controlled_airspace,46,3,1430,1111,1256.0,280.59292674064636
controlled_airspace,46,4,1425,1098,1256.0,280.59292674064636
controlled_airspace,46,5,1323,1100,1256.0,280.59292674064636
controlled_airspace,47,1,936,1055,5267.0,398.87719690799713
controlled_airspace,47,2,900,1075,5267.0,398.87719690799713
controlled_airspace,47,3,914,1086,5267.0,398.87719690799713
controlled_airspace,47,4,898,1115,5267.0,398.87719690799713
controlled_airspace,47,5,921,1185,5267.0,398.87719690799713
controlled_airspace,47,6,950,1161,5267.0,398.87719690799713
controlled_airspace,47,7,965,1113,5267.0,398.87719690799713
controlled_airspace,48,1,2082,1041,1265.0,321.07820773124695
controlled_airspace,48,2,2057,1051,1265.0,321.07820773124695
controlled_airspace,48,3,2061,1063,1265.0,321.07820773124695
controlled_airspace,48,4,2049,1078,1265.0,321.07820773124695
controlled_airspace,48,5,2068,1110,1265.0,321.07820773124695
controlled_airspace,48,6,2079,1090,1265.0,321.07820773124695
controlled_airspace,48,7,2099,1093,1265.0,321.07820773124695
controlled_airspace,48,8,2110,1078,1265.0,321.07820773124695
controlled_airspace,48,9,2106,1069,1265.0,321.07820773124695
controlled_airspace,48,10,2061,1080,1265.0,321.07820773124695
controlled_airspace,48,11,2066,1053,1265.0,321.07820773124695
controlled_airspace,49,1,2747,1044,3128.5,843.134117603302
controlled_airspace,49,2,2642,1080,3128.5,843.134117603302
controlled_airspace,49,3,2591,1050,3128.5,843.134117603302
controlled_airspace,49,4,2577,1079,3128.5,843.134117603302
controlled_airspace,49,5,2540,1067,3128.5,843.134117603302
controlled_airspace,49,6,2523,1101,3128.5,843.134117603302
controlled_airspace,49,7,2551,1069,3128.5,843.134117603302
controlled_airspace,49,8,2619,1084,3128.5,843.134117603302
controlled_airspace,49,9,2598,1105,3128.5,843.134117603302
controlled_airspace,49,10,2638,1117,3128.5,843.134117603302
controlled_airspace,49,11,2625,1079,3128.5,843.134117603302
controlled_airspace,49,12,2674,1083,3128.5,843.134117603302
controlled_airspace,50,1,2437,1011,9123.0,1328.7981125116348
controlled_airspace,50,2,2309,1122,9123.0,1328.7981125116348
controlled_airspace,50,3,2346,1305,9123.0,1328.7981125116348
controlled_airspace,50,4,2380,1244,9123.0,1328.7981125116348
controlled_airspace,50,5,2340,1145,9123.0,1328.7981125116348
controlled_airspace,50,6,2456,1082,9123.0,1328.7981125116348
controlled_airspace,50,7,2409,1057,9123.0,1328.7981125116348
controlled_airspace,51,1,1121,984,1277.0,274.9360725879669
controlled_airspace,51,2,1141,994,1277.0,274.9360725879669
controlled_airspace,51,3,1225,991,1277.0,274.9360725879669
controlled_airspace,51,4,1229,978,1277.0,274.9360725879669
controlled_airspace,51,5,1125,978,1277.0,274.9360725879669
controlled_airspace,52,1,1945,954,29835.0,3349.576013803482
controlled_airspace,52,2,2066,1465,29835.0,3349.576013803482
controlled_airspace,52,3,1869,1701,29835.0,3349.576013803482
controlled_airspace,52,4,1797,1646,29835.0,3349.576013803482
controlled_airspace,52,5,1846,1741,29835.0,3349.576013803482
controlled_airspace,52,6,1915,1671,29835.0,3349.576013803482
controlled_airspace,52,7,1861,1751,29835.0,3349.576013803482
controlled_airspace,52,8,2136,1431,29835.0,3349.576013803482
controlled_airspace,53,1,2165,914,1288.5,297.66399443149567
controlled_airspace,53,2,2062,913,1288.5,297.66399443149567
controlled_airspace,53,3,2056,925,1288.5,297.66399443149567
controlled_airspace,53,4,2078,929,1288.5,297.66399443149567
controlled_airspace,53,5,2107,919,1288.5,297.66399443149567
controlled_airspace,53,6,2139,933,1288.5,297.66399443149567
controlled_airspace,53,7,2145,924,1288.5,297.66399443149567
controlled_airspace,53,8,2165,925,1288.5,297.66399443149567
controlled_airspace,54,1,851,867,14294.5,1223.4427738189697
controlled_airspace,54,2,711,1196,14294.5,1223.4427738189697
controlled_airspace,54,3,805,1172,14294.5,1223.4427738189697
controlled_airspace,54,4,762,1145,14294.5,1223.4427738189697
controlled_airspace,54,5,819,1138,14294.5,1223.4427738189697
controlled_airspace,55,1,2524,865,1051.0,290.1076453924179
controlled_airspace,55,2,2520,883,1051.0,290.1076453924179
controlled_airspace,55,3,2510,888,1051.0,290.1076453924179
controlled_airspace,55,4,2508,917,1051.0,290.1076453924179
controlled_airspace,55,5,2478,906,1051.0,290.1076453924179
controlled_airspace,55,6,2500,934,1051.0,290.1076453924179
controlled_airspace,55,7,2530,898,1051.0,290.1076453924179
controlled_airspace,55,8,2540,899,1051.0,290.1076453924179
controlled_airspace,55,9,2532,888,1051.0,290.1076453924179
controlled_airspace,55,10,2523,891,1051.0,290.1076453924179
controlled_airspace,55,11,2530,879,1051.0,290.1076453924179
controlled_airspace,56,1,1151,814,4843.5,770.4234421253204
controlled_airspace,56,2,1029,937,4843.5,770.4234421253204
controlled_airspace,56,3,1049,1063,4843.5,770.4234421253204
controlled_airspace,56,4,1083,1052,4843.5,770.4234421253204
controlled_airspace,56,5,1063,1049,4843.5,770.4234421253204
controlled_airspace,56,6,1062,985,4843.5,770.4234421253204
controlled_airspace,56,7,1051,1003,4843.5,770.4234421253204
controlled_airspace,56,8,1045,957,4843.5,770.4234421253204
controlled_airspace,57,1,2150,792,10569.5,1417.006262421608
controlled_airspace,57,2,2284,1054,10569.5,1417.006262421608
controlled_airspace,57,3,2206,1082,10569.5,1417.006262421608
controlled_airspace,57,4,2278,1065,10569.5,1417.006262421608
controlled_airspace,57,5,2306,1108,10569.5,1417.006262421608
controlled_airspace,57,6,2346,1069,10569.5,1417.006262421608
controlled_airspace,57,7,2260,959,10569.5,1417.006262421608
controlled_airspace,57,8,2291,919,10569.5,1417.006262421608
controlled_airspace,57,9,2250,938,10569.5,1417.006262421608
controlled_airspace,58,1,1458,765,49528.0,4722.918281674385
controlled_airspace,58,2,1588,1081,49528.0,4722.918281674385
controlled_airspace,58,3,1318,1036,49528.0,4722.918281674385
controlled_airspace,58,4,1088,1229,49528.0,4722.918281674385
controlled_airspace,58,5,1057,1067,49528.0,4722.918281674385
controlled_airspace,58,6,1070,1376,49528.0,4722.918281674385
controlled_airspace,58,7,1325,1054,49528.0,4722.918281674385
controlled_airspace,58,8,1737,1098,49528.0,4722.918281674385
controlled_airspace,59,1,1611,735,11785.0,1139.2245181798935
controlled_airspace,59,2,1677,787,11785.0,1139.2245181798935
controlled_airspace,59,3,1660,804,11785.0,1139.2245181798935
controlled_airspace,59,4,1759,829,11785.0,1139.2245181798935
controlled_airspace,59,5,1909,959,11785.0,1139.2245181798935
controlled_airspace,59,6,1934,942,11785.0,1139.2245181798935
controlled_airspace,59,7,1788,802,11785.0,1139.2245181798935
controlled_airspace,60,1,941,692,14454.5,732.7422015666962
controlled_airspace,60,2,908,860,14454.5,732.7422015666962
controlled_airspace,60,3,910,934,14454.5,732.7422015666962
controlled_airspace,60,4,931,958,14454.5,732.7422015666962
controlled_airspace,60,5,970,925,14454.5,732.7422015666962
controlled_airspace,60,6,991,803,14454.5,732.7422015666962
controlled_airspace,60,7,981,721,14454.5,732.7422015666962
controlled_airspace,61,1,1868,662,1379.5,324.7766922712326
controlled_airspace,61,2,1749,666,1379.5,324.7766922712326
controlled_airspace,61,3,1756,675,1379.5,324.7766922712326
controlled_airspace,61,4,1791,675,1379.5,324.7766922712326
controlled_airspace,61,5,1796,665,1379.5,324.7766922712326
controlled_airspace,61,6,1861,675,1379.5,324.7766922712326
controlled_airspace,62,1,2519,624,3613.0,509.98989510536194
controlled_airspace,62,2,2518,700,3613.0,509.98989510536194
controlled_airspace,62,3,2497,756,3613.0,509.98989510536194
controlled_airspace,62,4,2510,756,3613.0,509.98989510536194
controlled_airspace,62,5,2517,786,3613.0,509.98989510536194
controlled_airspace,62,6,2533,782,3613.0,509.98989510536194
controlled_airspace,62,7,2539,665,3613.0,509.98989510536194
controlled_airspace,62,8,2524,666,3613.0,509.98989510536194
controlled_airspace,62,9,2539,636,3613.0,509.98989510536194
controlled_airspace,63,1,1055,593,1304.0,273.13708305358887
controlled_airspace,63,2,1057,606,1304.0,273.13708305358887
controlled_airspace,63,3,1165,600,1304.0,273.13708305358887
controlled_airspace,63,4,1161,592,1304.0,273.13708305358887
controlled_airspace,64,1,2355,365,1331.0,420.1320307254791
controlled_airspace,64,2,2375,381,1331.0,420.1320307254791
controlled_airspace,64,3,2424,365,1331.0,420.1320307254791
controlled_airspace,64,4,2449,372,1331.0,420.1320307254791
controlled_airspace,64,5,2429,360,1331.0,420.1320307254791
controlled_airspace,64,6,2429,342,1331.0,420.1320307254791
controlled_airspace,64,7,2409,342,1331.0,420.1320307254791
controlled_airspace,64,8,2412,351,1331.0,420.1320307254791
controlled_airspace,64,9,2402,338,1331.0,420.1320307254791
controlled_airspace,64,10,2401,352,1331.0,420.1320307254791
controlled_airspace,64,11,2423,358,1331.0,420.1320307254791
controlled_airspace,64,12,2408,370,1331.0,420.1320307254791
controlled_airspace,64,13,2379,362,1331.0,420.1320307254791
controlled_airspace,64,14,2372,377,1331.0,420.1320307254791
controlled_airspace,65,1,2532,329,4219.0,526.5340514183044
controlled_airspace,65,2,2519,338,4219.0,526.5340514183044
controlled_airspace,65,3,2530,381,4219.0,526.5340514183044
controlled_airspace,65,4,2514,415,4219.0,526.5340514183044
controlled_airspace,65,5,2527,531,4219.0,526.5340514183044
controlled_airspace,65,6,2542,517,4219.0,526.5340514183044
controlled_airspace,65,7,2532,468,4219.0,526.5340514183044
controlled_airspace,65,8,2544,461,4219.0,526.5340514183044
controlled_airspace,65,9,2535,400,4219.0,526.5340514183044
controlled_airspace,65,10,2548,370,4219.0,526.5340514183044
controlled_airspace,66,1,2351,299,1337.0,298.2497808933258
controlled_airspace,66,2,2352,308,1337.0,298.2497808933258
controlled_airspace,66,3,2371,313,1337.0,298.2497808933258
controlled_airspace,66,4,2459,307,1337.0,298.2497808933258
controlled_airspace,66,5,2457,295,1337.0,298.2497808933258
controlled_airspace,66,6,2418,295,1337.0,298.2497808933258
controlled_airspace,66,7,2411,305,1337.0,298.2497808933258
controlled_airspace,66,8,2408,296,1337.0,298.2497808933258
controlled_airspace,66,9,2378,291,1337.0,298.2497808933258
controlled_airspace,67,1,2192,258,7329.0,751.2934985160828
controlled_airspace,67,2,2484,275,7329.0,751.2934985160828
controlled_airspace,67,3,2459,249,7329.0,751.2934985160828
controlled_airspace,67,4,2202,239,7329.0,751.2934985160828
controlled_airspace,68,1,2101,238,1656.0,226.93607258796692
controlled_airspace,68,2,2132,263,1656.0,226.93607258796692
controlled_airspace,68,3,2181,261,1656.0,226.93607258796692
controlled_airspace,68,4,2176,239,1656.0,226.93607258796692
controlled_airspace,69,1,1912,252,3264.5,515.7716399431229
controlled_airspace,69,2,2090,259,3264.5,515.7716399431229
controlled_airspace,69,3,2031,233,3264.5,515.7716399431229
controlled_airspace,69,4,1954,243,3264.5,515.7716399431229
controlled_airspace,69,5,1947,232,3264.5,515.7716399431229
controlled_airspace,70,1,50,48,989098.5,6974.298006415367
controlled_airspace,70,2,0,2337,989098.5,6974.298006415367
controlled_airspace,70,3,291,2337,989098.5,6974.298006415367
controlled_airspace,70,4,583,85,989098.5,6974.298006415367
controlled_airspace,71,1,2635,11,2872.0,731.5533843040466
controlled_airspace,71,2,2703,41,2872.0,731.5533843040466
controlled_airspace,71,3,2717,27,2872.0,731.5533843040466
controlled_airspace,71,4,2738,46,2872.0,731.5533843040466
controlled_airspace,71,5,2704,51,2872.0,731.5533843040466
controlled_airspace,71,6,2840,62,2872.0,731.5533843040466
controlled_airspace,71,7,2835,41,2872.0,731.5533843040466
controlled_airspace,71,8,2811,56,2872.0,731.5533843040466
controlled_airspace,71,9,2781,29,2872.0,731.5533843040466
controlled_airspace,71,10,2775,50,2872.0,731.5533843040466
controlled_airspace,71,11,2747,22,2872.0,731.5533843040466
controlled_airspace,72,1,2572,13,1152.5,344.0904002189636
controlled_airspace,72,2,2583,26,1152.5,344.0904002189636
controlled_airspace,72,3,2611,25,1152.5,344.0904002189636
controlled_airspace,72,4,2596,40,1152.5,344.0904002189636
controlled_airspace,72,5,2668,46,1152.5,344.0904002189636
controlled_airspace,72,6,2615,35,1152.5,344.0904002189636
controlled_airspace,72,7,2629,23,1152.5,344.0904002189636
controlled_airspace,72,8,2606,10,1152.5,344.0904002189636
controlled_airspace,73,1,2810,0,6295.0,923.1757475137711
controlled_airspace,73,2,2814,39,6295.0,923.1757475137711
controlled_airspace,73,3,2890,68,6295.0,923.1757475137711
controlled_airspace,73,4,2978,191,6295.0,923.1757475137711
controlled_airspace,73,5,2956,108,6295.0,923.1757475137711
controlled_airspace,73,6,2988,114,6295.0,923.1757475137711
controlled_airspace,74,1,2235,5,5842.0,1097.7787801027298
controlled_airspace,74,2,2282,13,5842.0,1097.7787801027298
controlled_airspace,74,3,2282,47,5842.0,1097.7787801027298
controlled_airspace,74,4,2294,13,5842.0,1097.7787801027298
controlled_airspace,74,5,2400,22,5842.0,1097.7787801027298
controlled_airspace,74,6,2400,50,5842.0,1097.7787801027298
controlled_airspace,74,7,2416,14,5842.0,1097.7787801027298
controlled_airspace,74,8,2589,38,5842.0,1097.7787801027298
controlled_airspace,74,9,2497,25,5842.0,1097.7787801027298
controlled_airspace,74,10,2507,0,5842.0,1097.7787801027298
controlled_airspace,75,1,1772,7,6612.0,1349.391037940979
controlled_airspace,75,2,1856,120,6612.0,1349.391037940979
controlled_airspace,75,3,1974,152,6612.0,1349.391037940979
controlled_airspace,75,4,2102,101,6612.0,1349.391037940979
controlled_airspace,75,5,2169,0,6612.0,1349.391037940979
controlled_airspace,75,6,2063,116,6612.0,1349.391037940979
controlled_airspace,75,7,1945,142,6612.0,1349.391037940979
controlled_airspace,76,1,446,1234,605855.0,19888.710924386978
controlled_airspace,76,2,950,191,605855.0,19888.710924386978
controlled_airspace,76,3,1027,924,605855.0,19888.710924386978
controlled_airspace,76,4,2134,785,605855.0,19888.710924386978
controlled_airspace,76,5,1522,420,605855.0,19888.710924386978
controlled_airspace,76,6,2035,151,605855.0,19888.710924386978
controlled_airspace,76,7,610,84,605855.0,19888.710924386978
controlled_airspace,77,1,0,0,35296.0,2197.734185218811
controlled_airspace,77,2,870,56,35296.0,2197.734185218811
controlled_airspace,77,3,846,0,35296.0,2197.734185218811
danger_areas,1,1,2659,2155,1026.0,189.68123924732208
danger_areas,1,2,2652,2165,1026.0,189.68123924732208
danger_areas,1,3,2662,2173,1026.0,189.68123924732208
danger_areas,1,4,2668,2195,1026.0,189.68123924732208
danger_areas,1,5,2691,2203,1026.0,189.68123924732208
danger_areas,1,6,2695,2194,1026.0,189.68123924732208
danger_areas,1,7,2691,2169,1026.0,189.68123924732208
danger_areas,1,8,2676,2169,1026.0,189.68123924732208
danger_areas,1,9,2675,2178,1026.0,189.68123924732208
danger_areas,1,10,2670,2172,1026.0,189.68123924732208
danger_areas,1,11,2672,2162,1026.0,189.68123924732208
danger_areas,2,1,3155,2151,1631.0,302.93607223033905
danger_areas,2,2,3155,2172,1631.0,302.93607223033905
danger_areas,2,3,3142,2182,1631.0,302.93607223033905
danger_areas,2,4,3154,2190,1631.0,302.93607223033905
danger_areas,2,5,3150,2202,1631.0,302.93607223033905
danger_areas,2,6,3162,2207,1631.0,302.93607223033905
danger_areas,2,7,3166,2227,1631.0,302.93607223033905
danger_areas,2,8,3176,2199,1631.0,302.93607223033905
danger_areas,2,9,3197,2206,1631.0,302.93607223033905
danger_areas,2,10,3213,2198,1631.0,302.93607223033905
danger_areas,2,11,3208,2188,1631.0,302.93607223033905
danger_areas,2,12,3175,2185,1631.0,302.93607223033905
danger_areas,3,1,3201,2136,1065.0,227.1370828151703
danger_areas,3,2,3187,2153,1065.0,227.1370828151703
danger_areas,3,3,3181,2143,1065.0,227.1370828151703
danger_areas,3,4,3171,2147,1065.0,227.1370828151703
danger_areas,3,5,3174,2174,1065.0,227.1370828151703
danger_areas,3,6,3186,2183,1065.0,227.1370828151703
danger_areas,3,7,3211,2175,1065.0,227.1370828151703
danger_areas,3,8,3199,2168,1065.0,227.1370828151703
danger_areas,3,9,3204,2159,1065.0,227.1370828151703
danger_areas,3,10,3192,2158,1065.0,227.1370828151703
danger_areas,3,11,3204,2153,1065.0,227.1370828151703
danger_areas,3,12,3198,2146,1065.0,227.1370828151703
danger_areas,3,13,3205,2142,1065.0,227.1370828151703
danger_areas,4,1,826,2091,1442.5,239.37972342967987
danger_areas,4,2,823,2116,1442.5,239.37972342967987
danger_areas,4,3,812,2125,1442.5,239.37972342967987
danger_areas,4,4,814,2138,1442.5,239.37972342967987
danger_areas,4,5,829,2146,1442.5,239.37972342967987
danger_areas,4,6,838,2135,1442.5,239.37972342967987
danger_areas,4,7,859,2146,1442.5,239.37972342967987
danger_areas,4,8,858,2132,1442.5,239.37972342967987
danger_areas,4,9,840,2127,1442.5,239.37972342967987
danger_areas,4,10,846,2119,1442.5,239.37972342967987
danger_areas,4,11,840,2104,1442.5,239.37972342967987
danger_areas,4,12,849,2096,1442.5,239.37972342967987
danger_areas,4,13,839,2088,1442.5,239.37972342967987
danger_areas,5,1,2463,1972,2159.5,267.1787130832672
danger_areas,5,2,2466,1982,2159.5,267.1787130832672
danger_areas,5,3,2508,2006,2159.5,267.1787130832672
danger_areas,5,4,2522,2005,2159.5,267.1787130832672
danger_areas,5,5,2533,1978,2159.5,267.1787130832672
danger_areas,5,6,2518,1973,2159.5,267.1787130832672
danger_areas,5,7,2515,1958,2159.5,267.1787130832672
danger_areas,5,8,2498,1964,2159.5,267.1787130832672
danger_areas,5,9,2497,1951,2159.5,267.1787130832672
danger_areas,5,10,2477,1957,2159.5,267.1787130832672
danger_areas,5,11,2485,1969,2159.5,267.1787130832672
danger_areas,6,1,1949,1875,1170.5,221.23758828639984
danger_areas,6,2,1958,1905,1170.5,221.23758828639984
danger_areas,6,3,1975,1898,1170.5,221.23758828639984
danger_areas,6,4,1978,1902,1170.5,221.23758828639984
danger_areas,6,5,1968,1905,1170.5,221.23758828639984
danger_areas,6,6,1974,1910,1170.5,221.23758828639984
danger_areas,6,7,2003,1896,1170.5,221.23758828639984
danger_areas,6,8,1981,1880,1170.5,221.23758828639984
danger_areas,6,9,1972,1885,1170.5,221.23758828639984
danger_areas,6,10,1970,1870,1170.5,221.23758828639984
danger_areas,7,1,894,1691,1401.0,247.137082695961
danger_areas,7,2,888,1700,1401.0,247.137082695961
danger_areas,7,3,879,1691,1401.0,247.137082695961
danger_areas,7,4,850,1712,1401.0,247.137082695961
danger_areas,7,5,870,1746,1401.0,247.137082695961
danger_areas,7,6,887,1738,1401.0,247.137082695961
danger_areas,7,7,873,1730,1401.0,247.137082695961
danger_areas,7,8,875,1720,1401.0,247.137082695961
danger_areas,7,9,884,1724,1401.0,247.137082695961
danger_areas,7,10,903,1708,1401.0,247.137082695961
danger_areas,8,1,1065,1670,1055.0,190.9949473142624
danger_areas,8,2,1066,1682,1055.0,190.9949473142624
danger_areas,8,3,1060,1689,1055.0,190.9949473142624
danger_areas,8,4,1069,1696,1055.0,190.9949473142624
danger_areas,8,5,1071,1708,1055.0,190.9949473142624
danger_areas,8,6,1091,1707,1055.0,190.9949473142624
danger_areas,8,7,1102,1714,1055.0,190.9949473142624
danger_areas,8,8,1105,1709,1055.0,190.9949473142624
danger_areas,8,9,1097,1707,1055.0,190.9949473142624
danger_areas,8,10,1103,1702,1055.0,190.9949473142624
danger_areas,8,11,1101,1688,1055.0,190.9949473142624
danger_areas,8,12,1090,1680,1055.0,190.9949473142624
danger_areas,8,13,1081,1686,1055.0,190.9949473142624
danger_areas,8,14,1073,1671,1055.0,190.9949473142624
danger_areas,9,1,873,1666,1307.5,268.55129611492157
danger_areas,9,2,853,1653,1307.5,268.55129611492157
danger_areas,9,3,819,1655,1307.5,268.55129611492157
danger_areas,9,4,801,1689,1307.5,268.55129611492157
danger_areas,9,5,801,1715,1307.5,268.55129611492157
danger_areas,9,6,807,1691,1307.5,268.55129611492157
danger_areas,9,7,825,1687,1307.5,268.55129611492157
danger_areas,9,8,834,1667,1307.5,268.55129611492157
danger_areas,9,9,854,1664,1307.5,268.55129611492157
danger_areas,9,10,866,1675,1307.5,268.55129611492157
danger_areas,10,1,967,1549,1016.0,211.2792183160782
danger_areas,10,2,1006,1589,1016.0,211.2792183160782
danger_areas,10,3,1015,1589,1016.0,211.2792183160782
danger_areas,10,4,1022,1576,1016.0,211.2792183160782
danger_areas,10,5,1009,1574,1016.0,211.2792183160782
danger_areas,10,6,995,1557,1016.0,211.2792183160782
danger_areas,10,7,1007,1537,1016.0,211.2792183160782
danger_areas,10,8,987,1550,1016.0,211.2792183160782
danger_areas,11,1,1423,1529,1808.5,259.5218586921692
danger_areas,11,2,1431,1546,1808.5,259.5218586921692
danger_areas,11,3,1446,1541,1808.5,259.5218586921692
danger_areas,11,4,1463,1555,1808.5,259.5218586921692
danger_areas,11,5,1473,1551,1808.5,259.5218586921692
danger_areas,11,6,1502,1564,1808.5,259.5218586921692
danger_areas,11,7,1494,1543,1808.5,259.5218586921692
danger_areas,11,8,1468,1530,1808.5,259.5218586921692
danger_areas,11,9,1471,1517,1808.5,259.5218586921692
danger_areas,11,10,1451,1510,1808.5,259.5218586921692
danger_areas,11,11,1443,1522,1808.5,259.5218586921692
danger_areas,12,1,928,1488,1916.5,229.722869515419
danger_areas,12,2,923,1511,1916.5,229.722869515419
danger_areas,12,3,953,1541,1916.5,229.722869515419
danger_areas,12,4,970,1539,1916.5,229.722869515419
danger_areas,12,5,979,1505,1916.5,229.722869515419
danger_areas,12,6,962,1509,1916.5,229.722869515419
danger_areas,12,7,957,1494,1916.5,229.722869515419
danger_areas,12,8,963,1489,1916.5,229.722869515419
danger_areas,12,9,957,1485,1916.5,229.722869515419
danger_areas,13,1,1637,1481,2264.5,242.2081505060196
danger_areas,13,2,1601,1465,2264.5,242.2081505060196
danger_areas,13,3,1583,1492,2264.5,242.2081505060196
danger_areas,13,4,1570,1493,2264.5,242.2081505060196
danger_areas,13,5,1578,1498,2264.5,242.2081505060196
danger_areas,13,6,1572,1520,2264.5,242.2081505060196
danger_areas,13,7,1589,1525,2264.5,242.2081505060196
danger_areas,13,8,1602,1512,2264.5,242.2081505060196
danger_areas,13,9,1621,1509,2264.5,242.2081505060196
danger_areas,13,10,1637,1494,2264.5,242.2081505060196
danger_areas,14,1,2886,1371,1660.5,291.66399443149567
danger_areas,14,2,2894,1381,1660.5,291.66399443149567
danger_areas,14,3,2886,1391,1660.5,291.66399443149567
danger_areas,14,4,2891,1397,1660.5,291.66399443149567
danger_areas,14,5,2910,1389,1660.5,291.66399443149567
danger_areas,14,6,2939,1414,1660.5,291.66399443149567
danger_areas,14,7,2958,1404,1660.5,291.66399443149567
danger_areas,14,8,2932,1403,1660.5,291.66399443149567
danger_areas,14,9,2946,1379,1660.5,291.66399443149567
danger_areas,14,10,2916,1359,1660.5,291.66399443149567
danger_areas,15,1,1333,1321,1066.5,177.09545254707336
danger_areas,15,2,1327,1328,1066.5,177.09545254707336
danger_areas,15,3,1330,1341,1066.5,177.09545254707336
danger_areas,15,4,1314,1350,1066.5,177.09545254707336
danger_areas,15,5,1312,1362,1066.5,177.09545254707336
danger_areas,15,6,1330,1360,1066.5,177.09545254707336
danger_areas,15,7,1342,1373,1066.5,177.09545254707336
danger_areas,15,8,1357,1346,1066.5,177.09545254707336
danger_areas,15,9,1344,1340,1066.5,177.09545254707336
danger_areas,16,1,1671,1290,4161.5,393.60511898994446
danger_areas,16,2,1655,1296,4161.5,393.60511898994446
danger_areas,16,3,1665,1301,4161.5,393.60511898994446
danger_areas,16,4,1649,1320,4161.5,393.60511898994446
danger_areas,16,5,1655,1337,4161.5,393.60511898994446
danger_areas,16,6,1612,1357,4161.5,393.60511898994446
danger_areas,16,7,1656,1418,4161.5,393.60511898994446
danger_areas,16,8,1685,1361,4161.5,393.60511898994446
danger_areas,17,1,1621,1334,24542.5,1771.682450056076
danger_areas,17,2,1520,1286,24542.5,1771.682450056076
danger_areas,17,3,1465,1348,24542.5,1771.682450056076
danger_areas,17,4,1474,1408,24542.5,1771.682450056076
danger_areas,17,5,1530,1398,24542.5,1771.682450056076
danger_areas,17,6,1419,1490,24542.5,1771.682450056076
danger_areas,17,7,1494,1444,24542.5,1771.682450056076
danger_areas,17,8,1562,1503,24542.5,1771.682450056076
danger_areas,17,9,1610,1403,24542.5,1771.682450056076
danger_areas,17,10,1645,1460,24542.5,1771.682450056076
danger_areas,17,11,1571,1390,24542.5,1771.682450056076
danger_areas,18,1,1435,1284,1251.0,227.1370828151703
danger_areas,18,2,1429,1311,1251.0,227.1370828151703
danger_areas,18,3,1437,1316,1251.0,227.1370828151703
danger_areas,18,4,1470,1315,1251.0,227.1370828151703
danger_areas,18,5,1454,1290,1251.0,227.1370828151703
danger_areas,18,6,1459,1284,1251.0,227.1370828151703
danger_areas,18,7,1474,1302,1251.0,227.1370828151703
danger_areas,18,8,1479,1300,1251.0,227.1370828151703
danger_areas,18,9,1478,1283,1251.0,227.1370828151703
danger_areas,18,10,1448,1279,1251.0,227.1370828151703
danger_areas,19,1,1449,1253,2055.0,308.5340517759323
danger_areas,19,2,1433,1252,2055.0,308.5340517759323
danger_areas,19,3,1426,1264,2055.0,308.5340517759323
danger_areas,19,4,1400,1248,2055.0,308.5340517759323
danger_areas,19,5,1343,1263,2055.0,308.5340517759323
danger_areas,19,6,1401,1288,2055.0,308.5340517759323
danger_areas,19,7,1418,1273,2055.0,308.5340517759323
danger_areas,19,8,1440,1277,2055.0,308.5340517759323
danger_areas,20,1,2022,1231,1559.0,205.33809328079224
danger_areas,20,2,2009,1256,1559.0,205.33809328079224
danger_areas,20,3,2012,1285,1559.0,205.33809328079224
danger_areas,20,4,2046,1286,1559.0,205.33809328079224
danger_areas,20,5,2051,1279,1559.0,205.33809328079224
danger_areas,20,6,2037,1264,1559.0,205.33809328079224
danger_areas,20,7,2045,1259,1559.0,205.33809328079224
danger_areas,20,8,2037,1252,1559.0,205.33809328079224
danger_areas,20,9,2040,1242,1559.0,205.33809328079224
danger_areas,20,10,2035,1233,1559.0,205.33809328079224
danger_areas,21,1,1713,1178,1226.5,223.5807340145111
danger_areas,21,2,1706,1197,1226.5,223.5807340145111
danger_areas,21,3,1699,1199,1226.5,223.5807340145111
danger_areas,21,4,1689,1190,1226.5,223.5807340145111
danger_areas,21,5,1687,1203,1226.5,223.5807340145111
danger_areas,21,6,1692,1218,1226.5,223.5807340145111
danger_areas,21,7,1704,1218,1226.5,223.5807340145111
danger_areas,21,8,1723,1247,1226.5,223.5807340145111
danger_areas,21,9,1729,1222,1226.5,223.5807340145111
danger_areas,21,10,1720,1214,1226.5,223.5807340145111
danger_areas,21,11,1724,1206,1226.5,223.5807340145111
danger_areas,22,1,1510,1171,1614.5,345.4629839658737
danger_areas,22,2,1499,1181,1614.5,345.4629839658737
danger_areas,22,3,1523,1214,1614.5,345.4629839658737
danger_areas,22,4,1521,1232,1614.5,345.4629839658737
danger_areas,22,5,1506,1244,1614.5,345.4629839658737
danger_areas,22,6,1535,1256,1614.5,345.4629839658737
danger_areas,22,7,1523,1233,1614.5,345.4629839658737
danger_areas,22,8,1541,1240,1614.5,345.4629839658737
danger_areas,22,9,1539,1225,1614.5,345.4629839658737
danger_areas,22,10,1551,1213,1614.5,345.4629839658737
danger_areas,22,11,1541,1220,1614.5,345.4629839658737
danger_areas,22,12,1528,1213,1614.5,345.4629839658737
danger_areas,22,13,1534,1183,1614.5,345.4629839658737
danger_areas,23,1,3213,775,2423.5,594.2569210529327
danger_areas,23,2,3198,807,2423.5,594.2569210529327
danger_areas,23,3,3220,818,2423.5,594.2569210529327
danger_areas,23,4,3186,795,2423.5,594.2569210529327
danger_areas,23,5,3176,831,2423.5,594.2569210529327
danger_areas,23,6,3227,823,2423.5,594.2569210529327
danger_areas,23,7,3229,866,2423.5,594.2569210529327
danger_areas,23,8,3247,847,2423.5,594.2569210529327
danger_areas,23,9,3242,813,2423.5,594.2569210529327
danger_areas,23,10,3227,820,2423.5,594.2569210529327
danger_areas,23,11,3208,796,2423.5,594.2569210529327
danger_areas,23,12,3243,806,2423.5,594.2569210529327
danger_areas,23,13,3245,791,2423.5,594.2569210529327
danger_areas,24,1,2518,13,1093.5,209.982754945755
danger_areas,24,2,2525,23,1093.5,209.982754945755
danger_areas,24,3,2536,24,1093.5,209.982754945755
danger_areas,24,4,2557,17,1093.5,209.982754945755
danger_areas,24,5,2567,5,1093.5,209.982754945755
danger_areas,24,6,2582,8,1093.5,209.982754945755
danger_areas,24,7,2602,0,1093.5,209.982754945755
danger_areas,24,8,2523,0,1093.5,209.982754945755
prohibited_areas,3,1,2085,1906,7536.5,1510.569752216339
prohibited_areas,3,2,2429,2284,7536.5,1510.569752216339
prohibited_areas,3,3,2390,2337,7536.5,1510.569752216339
prohibited_areas,3,4,2440,2286,7536.5,1510.569752216339
prohibited_areas,4,1,1876,1716,1520.5,570.3990560770035
prohibited_areas,4,2,1847,1743,1520.5,570.3990560770035
prohibited_areas,4,3,1831,1738,1520.5,570.3990560770035
prohibited_areas,4,4,1843,1749,1520.5,570.3990560770035
prohibited_areas,4,5,1764,1840,1520.5,570.3990560770035
prohibited_areas,4,6,1831,1768,1520.5,570.3990560770035
prohibited_areas,4,7,1833,1787,1520.5,570.3990560770035
prohibited_areas,4,8,1843,1767,1520.5,570.3990560770035
prohibited_areas,4,9,1891,1777,1520.5,570.3990560770035
prohibited_areas,4,10,1892,1762,1520.5,570.3990560770035
prohibited_areas,4,11,1853,1749,1520.5,570.3990560770035
prohibited_areas,5,1,1206,1530,4573.0,1364.3027243614197
prohibited_areas,5,2,1179,1509,4573.0,1364.3027243614197
prohibited_areas,5,3,1067,1640,4573.0,1364.3027243614197
prohibited_areas,5,4,1040,1618,4573.0,1364.3027243614197
prohibited_areas,5,5,1019,1676,4573.0,1364.3027243614197
prohibited_areas,5,6,899,1732,4573.0,1364.3027243614197
prohibited_areas,5,7,937,1773,4573.0,1364.3027243614197
prohibited_areas,5,8,990,1705,4573.0,1364.3027243614197
prohibited_areas,5,9,1015,1723,4573.0,1364.3027243614197
prohibited_areas,5,10,1004,1695,4573.0,1364.3027243614197
prohibited_areas,5,11,1084,1670,4573.0,1364.3027243614197
prohibited_areas,5,12,1068,1640,4573.0,1364.3027243614197
prohibited_areas,5,13,1129,1597,4573.0,1364.3027243614197
prohibited_areas,5,14,1153,1616,4573.0,1364.3027243614197
prohibited_areas,6,1,1464,1326,3454.5,1035.182886838913
prohibited_areas,6,2,1340,1418,3454.5,1035.182886838913
prohibited_areas,6,3,1317,1396,3454.5,1035.182886838913
prohibited_areas,6,4,1334,1425,3454.5,1035.182886838913
prohibited_areas,6,5,1271,1474,3454.5,1035.182886838913
prohibited_areas,6,6,1245,1454,3454.5,1035.182886838913
prohibited_areas,6,7,1265,1480,3454.5,1035.182886838913
prohibited_areas,6,8,1218,1520,3454.5,1035.182886838913
prohibited_areas,6,9,1268,1486,3454.5,1035.182886838913
prohibited_areas,6,10,1290,1504,3454.5,1035.182886838913
prohibited_areas,6,11,1273,1480,3454.5,1035.182886838913
prohibited_areas,6,12,1338,1430,3454.5,1035.182886838913
prohibited_areas,6,13,1360,1448,3454.5,1035.182886838913
prohibited_areas,6,14,1344,1422,3454.5,1035.182886838913
prohibited_areas,6,15,1391,1385,3454.5,1035.182886838913
prohibited_areas,6,16,1429,1397,3454.5,1035.182886838913
prohibited_areas,6,17,1416,1371,3454.5,1035.182886838913
prohibited_areas,7,1,1837,1030,5864.0,1786.0916090011597
prohibited_areas,7,2,1664,1121,5864.0,1786.0916090011597
prohibited_areas,7,3,1465,1324,5864.0,1786.0916090011597
prohibited_areas,7,4,1502,1343,5864.0,1786.0916090011597
prohibited_areas,8,1,2108,815,3074.0,1055.910807609558
prohibited_areas,8,2,2079,793,3074.0,1055.910807609558
prohibited_areas,8,3,2091,826,3074.0,1055.910807609558
prohibited_areas,8,4,1967,923,3074.0,1055.910807609558
prohibited_areas,8,5,1939,908,3074.0,1055.910807609558
prohibited_areas,8,6,1956,930,3074.0,1055.910807609558
prohibited_areas,8,7,1838,1028,3074.0,1055.910807609558
prohibited_areas,8,8,1910,1007,3074.0,1055.910807609558
prohibited_areas,8,9,1900,980,3074.0,1055.910807609558
prohibited_areas,8,10,2028,881,3074.0,1055.910807609558
prohibited_areas,8,11,2052,898,3074.0,1055.910807609558
prohibited_areas,8,12,2037,873,3074.0,1055.910807609558
prohibited_areas,9,1,2255,725,1814.5,524.5411909818649
prohibited_areas,9,2,2236,705,1814.5,524.5411909818649
prohibited_areas,9,3,2171,761,1814.5,524.5411909818649
prohibited_areas,9,4,2150,742,1814.5,524.5411909818649
prohibited_areas,9,5,2165,766,1814.5,524.5411909818649
prohibited_areas,9,6,2114,809,1814.5,524.5411909818649
prohibited_areas,9,7,2167,773,1814.5,524.5411909818649
prohibited_areas,9,8,2188,787,1814.5,524.5411909818649
prohibited_areas,9,9,2179,760,1814.5,524.5411909818649
prohibited_areas,9,10,2239,716,1814.5,524.5411909818649
prohibited_areas,10,1,2159,60,1649.5,696.1635551452637
prohibited_areas,10,2,2028,146,1649.5,696.1635551452637
prohibited_areas,10,3,1908,149,1649.5,696.1635551452637
prohibited_areas,10,4,2041,152,1649.5,696.1635551452637
